mmsi,name,action,date
308069000,CSL Spirit,Stellwagen Outreach,1297141200
308294000,CSL Atlas,Stellwagen Outreach,1297141200
308294000,CSL Atlas,Stellwagen Outreach,1329282000
308299000,CSL ARGOSY,Stellwagen Outreach,1280725200
308371000,LARVIK,Stellwagen Outreach,1280725200
308371000,LARVIK,Stellwagen Outreach,1288242000
308599000,Talia,Stellwagen Outreach,1297141200
308717000,SHEILA ANN,Stellwagen Outreach,1280725200
308739000,CLIPPER LOYALTY,Stellwagen Outreach,1280725200
308739000,CLIPPER LOYALTY,Stellwagen Outreach,1288242000
308799000,Pacific Pearl,Stellwagen Outreach,1329282000
309356000,MT CLIPPER LEANDER,Stellwagen Outreach,1280725200
309612000,CLIPPER KLARA,Stellwagen Outreach,1280725200
309612000,CLIPPER KLARA,Stellwagen Outreach,1288242000
309702000,Clipper Kira,Stellwagen Outreach,1297141200
309797000,JBU LEVAN,Stellwagen Outreach,1280725200
309822000,HON HENRY JACKMAN,Stellwagen Outreach,1280725200
309822000,HON HENRY JACKMAN,Stellwagen Outreach,1329282000
310346000,GYPSUM CENTENNIAL,Stellwagen Outreach,1280725200
310346000,GYPSUM CENTENNIAL,Stellwagen Outreach,1297141200
310346000,GYPSUM CENTENNIAL,Stellwagen Outreach,1329282000
310426000,STENA CONSUL,Stellwagen Outreach,1280725200
311003300,Gentle Leader,Stellwagen Outreach,1297141200
311003400,Gaurdian Leader,Stellwagen Outreach,1297141200
311011100,Clover Ace,Stellwagen Outreach,1297141200
311022500,Silver Spirit,Stellwagen Outreach,1297141200
311046100,Podlasie,Stellwagen Outreach,1329282000
311098000,Fenella,Stellwagen Outreach,1329282000
311181000,Jutta,Stellwagen Outreach,1297141200
311358000,Pomorze,Stellwagen Outreach,1329282000
311506000,MSC ULSAN,Stellwagen Outreach,1280725200
311656000,Clipper Leader,Stellwagen Outreach,1297141200
311746000,Norwegian Spirit,Stellwagen Outreach,1297141200
311756000,Clipper Legend,Stellwagen Outreach,1329282000
314049000,Cariad,Stellwagen Outreach,1297141200
316001097,Point Vim,Stellwagen Outreach,1329282000
316012950,Acadian,Stellwagen Outreach,1297141200
316012950,Acadian,Stellwagen Outreach,1329282000
316013946,Victorious,Stellwagen Outreach,1329282000
316188000,THALASSA DESGAGNES,Stellwagen Outreach,1280725200
316188000,THALASSA DESGAGNES,Stellwagen Outreach,1297141200
316188000,THALASSA DESGAGNES,Stellwagen Outreach,1329282000
316294000,Canadian Warship 708,Stellwagen Outreach,1329282000
319015800,Elegant Ace,Stellwagen Outreach,1297141200
319290000,Angel,Stellwagen Outreach,1297141200
319819000,Ruby Ace,Stellwagen Outreach,1329282000
338031886,Miss Yvette,Stellwagen Outreach,1297141200
338047381,Harold A Reinauer II,Stellwagen Outreach,1329282000
338047382,Liberty,Stellwagen Outreach,1297141200
338048667,Tug Justice,Stellwagen Outreach,1297141200
338048667,Tug Justice,Stellwagen Outreach,1329282000
338048719,Independence,Stellwagen Outreach,1297141200
338048719,Independence,Stellwagen Outreach,1329282000
338066383,NOAA Gloria Michelle,Stellwagen Outreach,1329282000
338085353,Mep 3102,Stellwagen Outreach,1297141200
338086609,Currituck,Stellwagen Outreach,1297141200
338097273,Rv Discovery,Stellwagen Outreach,1297141200
338327000,S/V DENIS SULLIVAN,Stellwagen Outreach,1280725200
338353000,Erie Service,Stellwagen Outreach,1329282000
338533000,SHANNON DANN,Stellwagen Outreach,1280725200
338605000,COMET,Stellwagen Outreach,1280725200
338631000,BRENDAN J BOUCHARD,Stellwagen Outreach,1280725200
338631000,BRENDAN J BOUCHARD,Stellwagen Outreach,1297141200
338631000,BRENDAN J BOUCHARD,Stellwagen Outreach,1329282000
338919000,KENNEDY,Stellwagen Outreach,1280725200
338919000,KENNEDY,Stellwagen Outreach,1297141200
338919000,KENNEDY,Stellwagen Outreach,1329282000
338929000,Seay,Stellwagen Outreach,1297141200
351034000,Grand Venus,Stellwagen Outreach,1297141200
351149000,LUOBAHE,Stellwagen Outreach,1280725200
351248000,MSC Ludovica,Stellwagen Outreach,1329282000
351557000,City of Beirut,Stellwagen Outreach,1329282000
351616000,Uacc Ibn Al Atheer,Stellwagen Outreach,1297141200
351867000,Pu Lan Hai,Stellwagen Outreach,1329282000
351975000,Fu An Hai,Stellwagen Outreach,1329282000
351991000,Sunny Gloria,Stellwagen Outreach,1297141200
352144000,SEVEN EXPRESS,Stellwagen Outreach,1280725200
352253000,Delphinus Leader,Stellwagen Outreach,1297141200
352283000,Frontier Ace,Stellwagen Outreach,1329282000
352462000,CALA GALDANA,Stellwagen Outreach,1280725200
352604000,PALMA BULKER,Stellwagen Outreach,1280725200
353059000,RIVER WISDOM,Stellwagen Outreach,1280725200
353059000,RIVER WISDOM,Stellwagen Outreach,1329282000
353172000,Alpine Marie,Stellwagen Outreach,1329282000
353666000,MSC Michaela,Stellwagen Outreach,1329282000
353954000,River Elegance,Stellwagen Outreach,1297141200
353954000,River Elegance,Stellwagen Outreach,1329282000
353971000,GRAND GLORY,Stellwagen Outreach,1280725200
354092000,MSC Laura,Stellwagen Outreach,1329282000
354340000,MSC Melissa,Stellwagen Outreach,1329282000
354410000,Sagittarius Leader,Stellwagen Outreach,1329282000
354505000,MSC Ingrid,Stellwagen Outreach,1329282000
354546000,MT HARUNA EXPRESS,Stellwagen Outreach,1280725200
354631000,Sirius Leader,Stellwagen Outreach,1297141200
354741000,Jin Qiang,Stellwagen Outreach,1297141200
354821000,AMERICANCONSTITUTION,Stellwagen Outreach,1280725200
354855000,MV Nord Discovery,Stellwagen Outreach,1329282000
355319000,Dresden,Stellwagen Outreach,1329282000
355397000,Zao Express,Stellwagen Outreach,1297141200
355452000,SEA BRILLIANCE,Stellwagen Outreach,1280725200
355808000,Cosco New York,Stellwagen Outreach,1297141200
355808000,Cosco New York,Stellwagen Outreach,1329282000
355851000,NAVIOS VECTOR,Stellwagen Outreach,1280725200
355861000,Queen Ace,Stellwagen Outreach,1297141200
356388000,HAN HAI,Stellwagen Outreach,1280725200
356459000,Hyundai No 203,Stellwagen Outreach,1329282000
308245000,Bernardo Quintana.a,COPPS,1255651200
368063000,El Yunque,COPPS,1255478400
369527000,Green Lake,COPPS,1254268800
258718000,Hoegh Delhi,COPPS,1254182400
636091089,Johanna Oldendorff,COPPS,1254960000
308808000,Lapis Arrow,COPPS,1257379200
235660000,Parana,COPPS,1257292800
244178000,Maas Trader,COPPS,1254096000
210348000,Mount Karava,COPPS,1255651200
355234000,New Century 1,COPPS,1255651200
304210000,Ocean,COPPS,1254355200
319851000,Schackenborg,COPPS,1254355200
366766990,Sentry,COPPS,1254355200
636091613,Vega Nikolas,COPPS,1254096000
235062343,Cma Cgm Georgia,COPPS,1253750400
235067192,Cma Cgm New Jersey,COPPS,1253750400
367063050,Courage,COPPS,1257379200
266260000,Faust,COPPS,1255651200
265492000,Manon,COPPS,1255651200
240265000,Msc Mandraki,COPPS,1254096000
354591000,Pyxis Leader,COPPS,1254355200
366739920,Austin Reinauer     ,Monthly Summary (CSA),1296518400
367006520,Barbara E. Bouchard ,Monthly Summary (CSA),1296518400
366981710,Bouchard Girls,Monthly Summary (CSA),1296518400
338631000,Brendan J Bouchard  ,Monthly Summary (CSA),1296518400
533207000,Bunga Kelana Satu   ,Monthly Summary (CSA),1296518400
367006630,Buster Bouchard,Monthly Summary (CSA),1296518400
366832740,Christian Reinauer  ,Monthly Summary (CSA),1296518400
367159020,Craig Eric Reinauer ,Monthly Summary (CSA),1296518400
367006650,Danielle M. Bouchard,Monthly Summary (CSA),1296518400
564946000,Eagle Atlanta       ,Monthly Summary (CSA),1296518400
563114000,Eagle Auriga        ,Monthly Summary (CSA),1296518400
564063000,Eagle Baltimore     ,Monthly Summary (CSA),1296518400
564134000,Eagle Beaumont      ,Monthly Summary (CSA),1296518400
564192000,Eagle Birmingham    ,Monthly Summary (CSA),1296518400
564004000,Eagle Boston        ,Monthly Summary (CSA),1296518400
563098000,Eagle Centaurus     ,Monthly Summary (CSA),1296518400
564450000,Eagle Charlotte     ,Monthly Summary (CSA),1296518400
563759000,Eagle Kangar        ,Monthly Summary (CSA),1296518400
565108000,Eagle Kuching       ,Monthly Summary (CSA),1296518400
354441000,Eagle Miri          ,Monthly Summary (CSA),1296518400
563414000,Eagle Otome         ,Monthly Summary (CSA),1296518400
565862000,Eagle Sibu          ,Monthly Summary (CSA),1296518400
538090277,Eagle Stealth       ,Monthly Summary (CSA),1296518400
564774000,Eagle Tacoma        ,Monthly Summary (CSA),1296518400
563936000,Eagle Tampa         ,Monthly Summary (CSA),1296518400
563553000,Eagle Tucson        ,Monthly Summary (CSA),1296518400
367008230,Evening Mist        ,Monthly Summary (CSA),1296518400
367006620,Evening Tide        ,Monthly Summary (CSA),1296518400
338053315,Independence        ,Monthly Summary (CSA),1296518400
367073820,J. George Betz,Monthly Summary (CSA),1296518400
366899920,Jane A Bouchard     ,Monthly Summary (CSA),1296518400
367428330,Laurie Ann Reinauer ,Monthly Summary (CSA),1296518400
367115000,Linda Lee Bouchard  ,Monthly Summary (CSA),1296518400
366926920,Lucy Reinauer       ,Monthly Summary (CSA),1296518400
366977890,Marion C. Bouchard  ,Monthly Summary (CSA),1296518400
366891140,Meredith Reinauer   ,Monthly Summary (CSA),1296518400
366516380,Morgan Reinauer     ,Monthly Summary (CSA),1296518400
367006540,Rhea I. Bouchard,Monthly Summary (CSA),1296518400
366921510,Robert J. Bouchard,Monthly Summary (CSA),1296518400
367390130,Ruth M. Reinauer    ,Monthly Summary (CSA),1296518400
367409290,Timothy L. Reinauer,Monthly Summary (CSA),1296518400
240413000,Irenes Reliance,NOVA,1289865600
354156549,Nyk Meteor,NOVA,1289865600
372205000,Ym Los Angeles,NOVA,1289865600
372676000,Hanjin Chittagong,NOVA,1289865600
636091610,Maersk Dhahran,NOVA,1289865600
372740000,Oocl Oakland,NOVA,1289865600
235661000,Amazonas,USCG,1236988800
563856000,Asian Excelsior,USCG,1292803200
477201400,Atlantic Jupiter,USCG,1239321600
371415000,Atlantic Star,USCG,1292976000
305161000,Bbc Louisiana,USCG,1267401600
356958000,Bow Kiso,USCG,1298505600
354248000,Bulk China,USCG,1296518400
538003629,Carpe Diem II,USCG,1298505600
311393000,Cec Mirage,USCG,1298419200
565724000,Chembulk Yokohama,USCG,1297555200
563027000,City Of Mumbai,USCG,1234569600
370866000,Cynthia Pioneer,USCG,1266192000
311024500,Dynamic Striker,USCG,1299542400
247284500,Electa,USCG,1296518400
235008240,Energy Power,USCG,1237248000
538002603,Eships Dugon,USCG,1237161600
311316000,Explorer Of The Seas,USCG,1263513600
477960100,Federal Nakagawa,USCG,1297468800
412100000,Fei He,USCG,1238976000
247151000,Giovanna Juliano,USCG,1300060800
311051000,Green Chile,USCG,1271808000
477877000,Hai Chang,USCG,1293667200
311265000,Harad,USCG,1302825600
235011870,Heather C,USCG,1321315200
319525000,Johann Jacob,USCG,1267833600
369053000,Liberty Island,USCG,1297555200
367435670,Loretta B Moran,USCG,1266192000
440057000,Auto Atlas,USCG,1238976000
636090655,Msc Prague,USCG,1271635200
240787000,Minerva Antonia,USCG,1214438400
247645000,Costa Atlantica,USCG,1272844800
309385000,Penelope,USCG,1297987200
304716000,LAYLA,Stellwagen Outreach,1280725200
211194000,Polarlight,USCG,1298937600
351867000,Pu Lan Hai,USCG,1298937600
353954000,River Elegance,USCG,1277251200
636090632,Safmarine Cunene,USCG,1262822400
269077000,Scl Leman,USCG,1298332800
477600800,Sea Lily,USCG,1266192000
351621000,Settsu,USCG,1262563200
245546000,Singelgracht,USCG,1240963200
636013625,Southampton Star,USCG,1299542400
371650000,Sunrise Misen,USCG,1264636800
352408000,Wild Lotus,USCG,1297468800
367430220,Apl Turquoise,USCG,1262736000
369163000,Maersk Virginia,USCG,1262563200
211109000,Oocl New York,USCG,1262822400
356347000,Aegean Leader,Monthly Summary (WSC),1291161600
477633900,Akritas,Monthly Summary (WSC),1291161600
308156000,Alcazar-carrier,Monthly Summary (WSC),1291161600
310419000,Altamira Express,Monthly Summary (WSC),1291161600
369113000,Amtern,Monthly Summary (WSC),1291161600
563552000,Amundsen,Monthly Summary (WSC),1291161600
356571000,Andromeda Leader,Monthly Summary (WSC),1291161600
266282000,Aniara,Monthly Summary (WSC),1291161600
211311970,Antwerpen Express,Monthly Summary (WSC),1291161600
367403460,Apl Agate,Monthly Summary (WSC),1291161600
636090624,Apl Arabia,Monthly Summary (WSC),1291161600
565471000,Apl Beijing,Monthly Summary (WSC),1291161600
311688000,Apl Brazil,Monthly Summary (WSC),1291161600
304149000,Apl Chile,Monthly Summary (WSC),1291161600
367403790,Apl Cyprine,Monthly Summary (WSC),1291161600
636090618,Apl Egypt,Monthly Summary (WSC),1291161600
563791000,Apl Jade,Monthly Summary (WSC),1291161600
367403740,Apl Japan,Monthly Summary (WSC),1291161600
636090620,Apl Malaysia,Monthly Summary (WSC),1291161600
565360000,Apl Oman,Monthly Summary (WSC),1291161600
367403450,Apl Pearl,Monthly Summary (WSC),1291161600
563831000,Apl Qatar,Monthly Summary (WSC),1291161600
563626000,Apl Sardonyx,Monthly Summary (WSC),1291161600
563888000,Apl Spinel,Monthly Summary (WSC),1291161600
357481000,Asian Emperor,Monthly Summary (WSC),1291161600
565421000,Asian Vision,Monthly Summary (WSC),1291161600
636091754,Bahia Grande,Monthly Summary (WSC),1291161600
636091756,Bahia Negra,Monthly Summary (WSC),1291161600
310418000,Barcelona Express,Monthly Summary (WSC),1291161600
538090148,Bellavia,Monthly Summary (WSC),1291161600
265489000,Boheme,Monthly Summary (WSC),1291161600
211205780,Bonn Express,Monthly Summary (WSC),1291161600
477158300,Canada Express,Monthly Summary (WSC),1291161600
636091332,Cap Beatrice,Monthly Summary (WSC),1291161600
636091545,Cap Beaufort,Monthly Summary (WSC),1291161600
636091489,Cap Bianco,Monthly Summary (WSC),1291161600
636091432,Cap Byron,Monthly Summary (WSC),1291161600
636091333,Cap Capricorn,Monthly Summary (WSC),1291161600
636091521,Cap Cleveland,Monthly Summary (WSC),1291161600
636091385,Cap Gregory,Monthly Summary (WSC),1291161600
636091659,Cap Harald,Monthly Summary (WSC),1291161600
218701000,Cap Moreton,Monthly Summary (WSC),1291161600
636091416,Cap Norte,Monthly Summary (WSC),1291161600
211766000,Cap Stephens,Monthly Summary (WSC),1291161600
477581700,Cap Victor,Monthly Summary (WSC),1291161600
431265000,Century Leader 3,Monthly Summary (WSC),1291161600
371563000,Cetus Leader,Monthly Summary (WSC),1291161600
367168640,Charleston Express,Monthly Summary (WSC),1291161600
235066053,Cma Cgm Amber,Monthly Summary (WSC),1291161600
235012310,Cma Cgm Blue Whale,Monthly Summary (WSC),1291161600
235012300,Cma Cgm Dolphin,Monthly Summary (WSC),1291161600
636090963,Cma Cgm Don Carlos,Monthly Summary (WSC),1291161600
311425000,Cma Cgm Eiffel,Monthly Summary (WSC),1291161600
235060593,Cma Cgm Florida,Monthly Summary (WSC),1291161600
235054102,Cma Cgm Kingfish,Monthly Summary (WSC),1291161600
636091195,Cma Cgm L'etoile,Monthly Summary (WSC),1291161600
212043000,Cma Cgm La Tour,Monthly Summary (WSC),1291161600
212236000,Cma Cgm Manet,Monthly Summary (WSC),1291161600
235054096,Cma Cgm Marlin,Monthly Summary (WSC),1291161600
212865000,Cma Cgm Matisse,Monthly Summary (WSC),1291161600
311444000,Cma Cgm Puget,Monthly Summary (WSC),1291161600
235058391,Cma Cgm Swordfish,Monthly Summary (WSC),1291161600
235059382,Cma Cgm Tarpon,Monthly Summary (WSC),1291161600
212925000,Cma Cgm Utrillo,Monthly Summary (WSC),1291161600
235065043,Cma Cgm Virginia,Monthly Summary (WSC),1291161600
235052035,Cma Cgm White Shark,Monthly Summary (WSC),1291161600
304935000,Conrad S,Monthly Summary (WSC),1291161600
265429000,Don Carlos,Monthly Summary (WSC),1291161600
564362000,Don Juan,Monthly Summary (WSC),1291161600
265441000,Don Pasquale,Monthly Summary (WSC),1291161600
265442000,Don Quijote,Monthly Summary (WSC),1291161600
538003006,Dover Strait,Monthly Summary (WSC),1291161600
211201390,Dresden Express,Monthly Summary (WSC),1291161600
477097400,Dubai Express,Monthly Summary (WSC),1291161600
636090821,E.r. Cannes,Monthly Summary (WSC),1291161600
244723000,Echo,Monthly Summary (WSC),1291161600
265490000,Elektra,Monthly Summary (WSC),1291161600
366479000,Endurance,Monthly Summary (WSC),1291161600
211207740,Essen Express,Monthly Summary (WSC),1291161600
565106000,Ever Dainty,Monthly Summary (WSC),1291161600
564904000,Ever Decent,Monthly Summary (WSC),1291161600
351936000,Ever Delight,Monthly Summary (WSC),1291161600
564621000,Ever Deluxe,Monthly Summary (WSC),1291161600
356391000,Ever Develop,Monthly Summary (WSC),1291161600
564386000,Ever Devote,Monthly Summary (WSC),1291161600
565711000,Ever Diadem,Monthly Summary (WSC),1291161600
354893000,Ever Diamond,Monthly Summary (WSC),1291161600
564404000,Ever Divine,Monthly Summary (WSC),1291161600
353991000,Ever Dynamic,Monthly Summary (WSC),1291161600
353716000,Ever Racer,Monthly Summary (WSC),1291161600
353396000,Ever Radiant,Monthly Summary (WSC),1291161600
354334000,Ever Reach,Monthly Summary (WSC),1291161600
354491000,Ever Refine,Monthly Summary (WSC),1291161600
416412000,Ever Regal,Monthly Summary (WSC),1291161600
354489000,Ever Respect,Monthly Summary (WSC),1291161600
354490000,Ever Result,Monthly Summary (WSC),1291161600
352919000,Ever Reward,Monthly Summary (WSC),1291161600
266259000,Fedora,Monthly Summary (WSC),1291161600
266261000,Fidelio,Monthly Summary (WSC),1291161600
369327000,Freedom,Monthly Summary (WSC),1291161600
636091334,Frisia Rostock,Monthly Summary (WSC),1291161600
310422000,Genoa Express,Monthly Summary (WSC),1291161600
309108000,Glorious Leader,Monthly Summary (WSC),1291161600
357496000,Hanjin Atlanta,Monthly Summary (WSC),1291161600
248302000,Hanjin Buenos Aires,Monthly Summary (WSC),1291161600
440399000,Hanjin Capetown,Monthly Summary (WSC),1291161600
636091138,Hanjin Colombo,Monthly Summary (WSC),1291161600
370477000,Hanjin Durban,Monthly Summary (WSC),1291161600
212651000,Hanjin Kaohsiung,Monthly Summary (WSC),1291161600
370897000,Hanjin Kingston,Monthly Summary (WSC),1291161600
352950000,Hanjin Los Angeles,Monthly Summary (WSC),1291161600
440321000,Hanjin Malta,Monthly Summary (WSC),1291161600
440411000,Hanjin Marseilles,Monthly Summary (WSC),1291161600
357057000,Hanjin Monaco,Monthly Summary (WSC),1291161600
356465000,Hanjin Nagoya,Monthly Summary (WSC),1291161600
538003478,Hanjin Newport,Monthly Summary (WSC),1291161600
370081000,Hanjin Norfolk,Monthly Summary (WSC),1291161600
636091137,Hanjin Osaka,Monthly Summary (WSC),1291161600
370082000,Hanjin Piraeus,Monthly Summary (WSC),1291161600
636091139,Hanjin Portland,Monthly Summary (WSC),1291161600
357272000,Hanjin Riode Janeiro,Monthly Summary (WSC),1291161600
351989000,Hanjin Sanfrancisco,Monthly Summary (WSC),1291161600
353578000,Hanjin Shanghai,Monthly Summary (WSC),1291161600
357452000,Hanjin Valencia,Monthly Summary (WSC),1291161600
357132000,Hanjin Wilmington,Monthly Summary (WSC),1291161600
211205790,Heidelberg Express,Monthly Summary (WSC),1291161600
310205000,Hero,Monthly Summary (WSC),1291161600
211203370,Hoechst Express,Monthly Summary (WSC),1291161600
367063280,Honor,Monthly Summary (WSC),1291161600
356734000,Hyundai Glory,Monthly Summary (WSC),1291161600
353978000,Hyundai Goodwill,Monthly Summary (WSC),1291161600
370097000,Hyundai Integral,Monthly Summary (WSC),1291161600
371429000,Hyundai Voyager,Monthly Summary (WSC),1291161600
353037000,Iga,Monthly Summary (WSC),1291161600
564274000,Imari,Monthly Summary (WSC),1291161600
211437000,Indamex Cauvery,Monthly Summary (WSC),1291161600
367318000,Independence II,Monthly Summary (WSC),1291161600
367063310,Integrity,Monthly Summary (WSC),1291161600
564799000,Ipanema,Monthly Summary (WSC),1291161600
212797000,Isolda,Monthly Summary (WSC),1291161600
371842000,Italy Express,Monthly Summary (WSC),1291161600
351522000,Iwaki,Monthly Summary (WSC),1291161600
211200350,Kiel Express,Monthly Summary (WSC),1291161600
211262460,Kobe Express,Monthly Summary (WSC),1291161600
477241800,Lahore Express,Monthly Summary (WSC),1291161600
211200450,Leverkusen Express,Monthly Summary (WSC),1291161600
367338000,Liberty,Monthly Summary (WSC),1291161600
310541000,Livorno Express,Monthly Summary (WSC),1291161600
538004176,Louds Island,Monthly Summary (WSC),1291161600
249115000,Lowlands Nello,Monthly Summary (WSC),1291161600
305624000,Reykjafoss,Stellwagen Outreach,1329282000
211204500,Ludwigshafen Express,Monthly Summary (WSC),1291161600
563892000,Madame Butterfly,Monthly Summary (WSC),1291161600
310421000,Madrid Express,Monthly Summary (WSC),1291161600
369233000,Maersk Carolina,Monthly Summary (WSC),1291161600
367477000,Maersk Constellation,Monthly Summary (WSC),1291161600
636090740,Maersk Dallas,Monthly Summary (WSC),1291161600
636091506,Maersk Damietta,Monthly Summary (WSC),1291161600
636091452,Maersk Denpasar,Monthly Summary (WSC),1291161600
636091052,Maersk Dieppe,Monthly Summary (WSC),1291161600
636091082,Maersk Drummond,Monthly Summary (WSC),1291161600
636091049,Maersk Dunedin,Monthly Summary (WSC),1291161600
369164000,Maersk Georgia,Monthly Summary (WSC),1291161600
368660000,Maersk Idaho,Monthly Summary (WSC),1291161600
367606000,Maersk Iowa,Monthly Summary (WSC),1291161600
636091163,Maersk Jackson,Monthly Summary (WSC),1291161600
269083000,Maersk Jaun,Monthly Summary (WSC),1291161600
269084000,Maersk Jenaz,Monthly Summary (WSC),1291161600
477143600,Maersk Jubail,Monthly Summary (WSC),1291161600
237866000,Maersk Kalamata,Monthly Summary (WSC),1291161600
636091606,Maersk Karlskrona,Monthly Summary (WSC),1291161600
303417000,Maersk Kentucky,Monthly Summary (WSC),1291161600
237862000,Maersk Kingston,Monthly Summary (WSC),1291161600
239722000,Maersk Kobe,Monthly Summary (WSC),1291161600
237863000,Maersk Kolkata,Monthly Summary (WSC),1291161600
636091607,Maersk Kotka,Monthly Summary (WSC),1291161600
372322000,Maersk Messologi,Monthly Summary (WSC),1291161600
369708000,Maersk Missouri,Monthly Summary (WSC),1291161600
367759000,Maersk Montana,Monthly Summary (WSC),1291161600
372323000,Maersk Mytilini,Monthly Summary (WSC),1291161600
367775000,Maersk Ohio,Monthly Summary (WSC),1291161600
636013479,Maersk Tangier,Monthly Summary (WSC),1291161600
636013480,Maersk Tarragona,Monthly Summary (WSC),1291161600
367685000,Maersk Utah,Monthly Summary (WSC),1291161600
565533000,Maersk Vilnius,Monthly Summary (WSC),1291161600
563248000,Maersk Wind,Monthly Summary (WSC),1291161600
368348000,Maersk Wisconsin,Monthly Summary (WSC),1291161600
338293000,Maersk Wyoming,Monthly Summary (WSC),1291161600
219280000,Marie Maersk,Monthly Summary (WSC),1291161600
247285700,Mba Liberty,Monthly Summary (WSC),1291161600
636090645,Meta,Monthly Summary (WSC),1291161600
265491000,Mignon,Monthly Summary (WSC),1291161600
563858000,Mol Innovation,Monthly Summary (WSC),1291161600
232477000,Montreal (and also Maersk Montreal),Monthly Summary (WSC),1291161600
370254000,Msc Angela,Monthly Summary (WSC),1291161600
355684000,Msc Carla,Monthly Summary (WSC),1291161600
235004850,Msc Catania,Monthly Summary (WSC),1291161600
372916000,Msc Damla,Monthly Summary (WSC),1291161600
357067000,Msc Eleni,Monthly Summary (WSC),1291161600
356287000,Msc Emma,Monthly Summary (WSC),1291161600
211378120,Msc Flaminia,Monthly Summary (WSC),1291161600
636091394,Msc Florida,Monthly Summary (WSC),1291161600
372008000,Msc Heidi,Monthly Summary (WSC),1291161600
211378800,Msc Ilona,Monthly Summary (WSC),1291161600
354505000,Msc Ingrid,Monthly Summary (WSC),1291161600
354961000,Msc Linzie,Monthly Summary (WSC),1291161600
352140000,Msc Loretta,Monthly Summary (WSC),1291161600
353719000,Msc Matilde,Monthly Summary (WSC),1291161600
354340000,Msc Melissa,Monthly Summary (WSC),1291161600
353666000,Msc Michaela,Monthly Summary (WSC),1291161600
352948000,Msc Nerissa,Monthly Summary (WSC),1291161600
352649000,Msc Noa,Monthly Summary (WSC),1291161600
354202000,Msc Ornella,Monthly Summary (WSC),1291161600
371245000,Msc Rita,Monthly Summary (WSC),1291161600
354618000,Msc Sarah,Monthly Summary (WSC),1291161600
304148000,Msc Scandinavia,Monthly Summary (WSC),1291161600
352983000,Msc Stella (and also M/v Msc Stella),Monthly Summary (WSC),1291161600
354745000,Msc Tamara,Monthly Summary (WSC),1291161600
211256500,Msc Tanzania,Monthly Summary (WSC),1291161600
211263170,Msc Uganda,Monthly Summary (WSC),1291161600
311506000,Msc Ulsan,Monthly Summary (WSC),1291161600
356946000,Msc Vanessa,Monthly Summary (WSC),1291161600
372051000,Msc Vittoria,Monthly Summary (WSC),1291161600
239650000,Msc Washington,Monthly Summary (WSC),1291161600
477076300,New Delhi Express,Monthly Summary (WSC),1291161600
356005000,New Nada,Monthly Summary (WSC),1291161600
636090555,Northern Diversity,Monthly Summary (WSC),1291161600
636091805,Northern Jaguar,Monthly Summary (WSC),1291161600
636091804,Northern Jasper,Monthly Summary (WSC),1291161600
636091803,Northern Javelin,Monthly Summary (WSC),1291161600
636091800,Northern Juvenile,Monthly Summary (WSC),1291161600
304377000,Northern Vitality,Monthly Summary (WSC),1291161600
538002992,Nyk Constellation,Monthly Summary (WSC),1291161600
353274000,Nyk Daedalus,Monthly Summary (WSC),1291161600
352776000,Nyk Delphinus,Monthly Summary (WSC),1291161600
353025000,Nyk Demeter,Monthly Summary (WSC),1291161600
355717000,Nyk Deneb,Monthly Summary (WSC),1291161600
372319000,Nyk Diana,Monthly Summary (WSC),1291161600
636014880,Nyk Kai,Monthly Summary (WSC),1291161600
354891000,Nyk Nebula,Monthly Summary (WSC),1291161600
357175000,Nyk Remus,Monthly Summary (WSC),1291161600
371449000,Nyk Rigel,Monthly Summary (WSC),1291161600
563019779,Nyk Romulus,Monthly Summary (WSC),1291161600
563758000,Nyk Rumina,Monthly Summary (WSC),1291161600
239726000,Oakland Express,Monthly Summary (WSC),1291161600
266283000,Oberon,Monthly Summary (WSC),1291161600
477394000,Oocl Britain,Monthly Summary (WSC),1291161600
477007100,Oocl Busan,Monthly Summary (WSC),1291161600
477718000,Oocl China,Monthly Summary (WSC),1291161600
477738700,Oocl Guangzhou,Monthly Summary (WSC),1291161600
477382000,Oocl Hong Kong (also OOCL Hongkong),Monthly Summary (WSC),1291161600
477106300,Oocl Kaohsiung,Monthly Summary (WSC),1291161600
477883300,Oocl Kobe,Monthly Summary (WSC),1291161600
477627900,Oocl Nagoya,Monthly Summary (WSC),1291161600
477189700,Oocl Norfolk,Monthly Summary (WSC),1291161600
266210000,Otello,Monthly Summary (WSC),1291161600
211220290,Paris Express,Monthly Summary (WSC),1291161600
218703000,Patricia Schulte,Monthly Summary (WSC),1291161600
303336000,Patriot,Monthly Summary (WSC),1291161600
338781000,Philadelphia Express,Monthly Summary (WSC),1291161600
277331000,Pluto,Monthly Summary (WSC),1291161600
636013172,Pona,Monthly Summary (WSC),1291161600
351126000,Porgy,Monthly Summary (WSC),1291161600
366818000,President Adams,Monthly Summary (WSC),1291161600
366376000,President Jackson,Monthly Summary (WSC),1291161600
368591000,President Polk,Monthly Summary (WSC),1291161600
368598000,President Truman,Monthly Summary (WSC),1291161600
564254000,Queen Sapphire,Monthly Summary (WSC),1291161600
338640000,Resolve,Monthly Summary (WSC),1291161600
310420000,Rome Express,Monthly Summary (WSC),1291161600
211335760,Rotterdam Express,Monthly Summary (WSC),1291161600
636091040,Santa Carolina,Monthly Summary (WSC),1291161600
338365000,Sea Land Mercury,Monthly Summary (WSC),1291161600
366196000,Sealand Champion,Monthly Summary (WSC),1291161600
368346000,Sealand Eagle,Monthly Summary (WSC),1291161600
338401000,Sealand Meteor,Monthly Summary (WSC),1291161600
303540000,Sealand Racer,Monthly Summary (WSC),1291161600
351180000,Shima,Monthly Summary (WSC),1291161600
356305000,Sky Pacific,Monthly Summary (WSC),1291161600
367136680,St Louis Express,Monthly Summary (WSC),1291161600
304534000,Stadt Berlin,Monthly Summary (WSC),1291161600
210235000,stadt Gera,Monthly Summary (WSC),1291161600
304010922,Stadt Munchen,Monthly Summary (WSC),1291161600
308983000,Stellar Iris,Monthly Summary (WSC),1291161600
211208940,Stuttgart Express,Monthly Summary (WSC),1291161600
351358000,Sumida,Monthly Summary (WSC),1291161600
258693000,Taiko,Monthly Summary (WSC),1291161600
259766000,Takara,Monthly Summary (WSC),1291161600
308599000,Talia,Monthly Summary (WSC),1291161600
257613000,Talisman,Monthly Summary (WSC),1291161600
257758000,Tamerlane,Monthly Summary (WSC),1291161600
257565000,Tamesis,Monthly Summary (WSC),1291161600
257497000,Tampa,Monthly Summary (WSC),1291161600
258787000,Tancred,Monthly Summary (WSC),1291161600
258798000,Tasco,Monthly Summary (WSC),1291161600
209809000,Tegesos,Monthly Summary (WSC),1291161600
257450000,Terrier,Monthly Summary (WSC),1291161600
257594000,Texas,Monthly Summary (WSC),1291161600
372444000,Thailand Express,Monthly Summary (WSC),1291161600
259805000,Tijuca,Monthly Summary (WSC),1291161600
211327410,Tokyo Express,Monthly Summary (WSC),1291161600
232240000,Toledo,Monthly Summary (WSC),1291161600
259804000,Tomar,Monthly Summary (WSC),1291161600
232971000,Tombarra,Monthly Summary (WSC),1291161600
232872000,Topeka,Monthly Summary (WSC),1291161600
235068882,Toreador,Monthly Summary (WSC),1291161600
235070707,Torino,Monthly Summary (WSC),1291161600
232664000,Toronto,Monthly Summary (WSC),1291161600
232248000,Torrens,Monthly Summary (WSC),1291161600
235050734,Tortugas,Monthly Summary (WSC),1291161600
235075024,Toscana,Monthly Summary (WSC),1291161600
265019000,Tristan,Monthly Summary (WSC),1291161600
265287000,Turandot,Monthly Summary (WSC),1291161600
308064000,CSL Acadian,Stellwagen Outreach,1329282000
265884000,Undine,Monthly Summary (WSC),1291161600
565845000,United Challenger,Monthly Summary (WSC),1291161600
355688000,United Treasure,Monthly Summary (WSC),1291161600
310417000,Veracruz Express,Monthly Summary (WSC),1291161600
477897200,Vietnam Express,Monthly Summary (WSC),1291161600
366920990,Vivaldi,Monthly Summary (WSC),1291161600
367136710,Washington Express,Monthly Summary (WSC),1291161600
367168650,Yorktown Express,Monthly Summary (WSC),1291161600
477136300,Yutai Ambitions,Monthly Summary (WSC),1291161600
235062343,Cma Cgm Georgia,Monthly Summary (WSC),1291161600
235067192,Cma Cgm New Jersey,Monthly Summary (WSC),1291161600
367063050,Courage,Monthly Summary (WSC),1291161600
266260000,Faust,Monthly Summary (WSC),1291161600
265492000,Manon,Monthly Summary (WSC),1291161600
240265000,Msc Mandraki,Monthly Summary (WSC),1291161600
354591000,Pyxis Leader,Monthly Summary (WSC),1291161600
372676000,Hanjin Chittagong,Monthly Summary (WSC),1291161600
636091610,Maersk Dhahran,Monthly Summary (WSC),1291161600
372740000,Oocl Oakland,Monthly Summary (WSC),1291161600
367430220,Apl Turquoise,Monthly Summary (WSC),1291161600
369163000,Maersk Virginia,Monthly Summary (WSC),1291161600
211109000,Oocl New York,Monthly Summary (WSC),1291161600
309385000,Penelope,USCG,1298073600
209486000,LEOPOLD STAFF,COPPS,1254960000
209579000,STADT LUNEBURG,COPPS,1255478400
209619000,STADT RENDSBURG,COPPS,1255478400
210786000,UBC TOKYO,COPPS,1255651200
212853000,FEDERAL PATROLLER,COPPS,1257379200
218124000,WESERTOR,COPPS,1255478400
218702000,MAREIKE,COPPS,1254096000
220179000,TORM FREYA,COPPS,1255651200
232449000,BRITISH TRANQUILLITY,COPPS,1255046400
235011050,MORNING MIDAS,COPPS,1257379200
244559000,HAPPY RIVER,COPPS,1254268800
245981000,TRANSPORTER,COPPS,1254268800
247228700,INDIAN POINT,COPPS,1255478400
248364000,ATLANTIC RUNNER,COPPS,1255046400
249193000,MARIDA PATEA,COPPS,1255478400
258716000,HOEGH TREKKER,COPPS,1254182400
258835000,HOEGH TRAVELLER,COPPS,1254182400
304128000,ROTHORN,COPPS,1255478400
304243000,SEABOARD PRIDE,COPPS,1254096000
305200000,COMBI DOCK 1,COPPS,1254960000
305289000,CARIBE NAVIGATOR,COPPS,1257292800
308077000,GROUSE ARROW,COPPS,1257292800
309902000,NORWEGIAN MAJESTY,COPPS,1254873600
311011400,GREEN COOLER,COPPS,1255046400
319808000,SKODSBORG,COPPS,1254355200
338077151,NEON RAINBOW,COPPS,1254960000
338080598,JOLIE BLONDE,COPPS,1257206400
338779000,GREEN COVE,COPPS,1254268800
351901000,ALIOTH LEADER,COPPS,1254355200
353039000,LIBERTY ACE,COPPS,1262908800
353951000,OCEAN HIGHWAY,COPPS,1257379200
355133000,CORAL HIGHWAY,COPPS,1257292800
356067000,MARINA ACE,COPPS,1262908800
366228000,ARIZONA VOYAGER,COPPS,1254268800
366708180,GALLANT LADY,COPPS,1254873600
367046110,DAYENU,COPPS,1254873600
367116570,SORENSEN MILLER,COPPS,1262908800
367152910,GALLANT LADY,COPPS,1254873600
368622000,SEA-LAND PERFORMANCE,COPPS,1257292800
370514000,MAERSK MATSUYAMA,COPPS,1255392000
371798000,GRAND ORION,COPPS,1262908800
372056000,CEPHEUS LEADER,COPPS,1254355200
431201000,TRITON HIGHWAY,COPPS,1257379200
431203000,HERCULES HIGHWAY,COPPS,1257292800
431267000,PEGASUS DIAMOND,COPPS,1257292800
432578000,HOEGH BRASILIA,COPPS,1254960000
440061000,AUTO BANNER,COPPS,1254787200
477581900,MSC ANCONA,COPPS,1254096000
538002700,PUZE,COPPS,1255478400
538080023,SCOTT FREE,COPPS,1253750400
548667000,SIR WALTER,COPPS,1257379200
565600000,MORNING CORNET,COPPS,1257292800
565865000,SITEAM DISCOVERER,COPPS,1255392000
567302000,THOR INTEGRITY,COPPS,1255651200
440057000,AUTO ATLAS,COPPS,1254787200
576532000,BAHAMA_SPIRIT,COPPS,1254960000
636008621,ATLAS HIGHWAY,COPPS,1257292800
636010803,MOSCOW SEA,COPPS,1255392000
636090521,CAP SAN ANTONIO,COPPS,1255046400
636091159,MSC MENDOZA,COPPS,1254096000
636091206,VEGA AZURIT,COPPS,1255651200
636091530,RIO MANZANARES,COPPS,1255046400
244723000,ECHO,COPPS,1254096000
565421000,ASIAN VISION,COPPS,1257292800
538001356,AURORA,USCG,1297209600
370153000,OMODOS,USCG,1299542400
636091585,Vega Sachsen,NOVA,1321833600
371836000,Mol Endowment,NOVA,1321833600
246466000,Stadiongracht,NOVA,1321833600
548541000,Season Trader,NOVA,1321833600
352253000,Delphinus Leader,NOVA,1321833600
432729000,Daedalus Leader,NOVA,1321833600
372747000,Cygnus Leader,NOVA,1321833600
305247000,Pacific Voyager,NOVA,1321833600
351734000,Asian Chorus,NOVA,1292544000
636091521,Cap Cleveland,NOVA,1292544000
538002366,Cape Melville,NOVA,1289865600
538002283,Overseas Antigmar,NOVA,1347840000
246100000,Suomigracht,NOVA,1347840000
432790000,Asteria Leader,NOVA,1347840000
352929000,Oregon Highway,NOVA,1343001600
351593000,Tsing Ma Bridge,NOVA,1345420800
432722000,Dionysos Leader,NOVA,1345420800
308572000,Runaway Bay,NOVA,1347840000
351075000,Pichincha,NOVA,1347840000
355109000,Mol Endurance,NOVA,1347840000
355745000,Prestige Ace,NOVA,1345420800
370891000,Eridanus Leader,NOVA,1347840000
0,COAST GUARD 909,Stellwagen Outreach,1280725200
439541,Canadian Warship 711,Stellwagen Outreach,1329282000
572329,ALEXANDRA,Stellwagen Outreach,1280725200
693559,WINSLOW C KELSEY],Stellwagen Outreach,1280725200
693559,WINSLOW C KELSEY],Stellwagen Outreach,1297141200
36738443,CO,Stellwagen Outreach,1280725200
36738443,CO,Stellwagen Outreach,1297141200
36738443,CO,Stellwagen Outreach,1329282000
205445000,Excelerate,Stellwagen Outreach,1297141200
205551000,Exquisite,Stellwagen Outreach,1297141200
209740000,ALIDA GORTHON,Stellwagen Outreach,1280725200
210670000,Mount Green,Stellwagen Outreach,1297141200
210670000,Mount Green,Stellwagen Outreach,1329282000
211256500,MSC TANZANIA,Stellwagen Outreach,1280725200
211256500,MSC TANZANIA,Stellwagen Outreach,1297141200
211256500,MSC TANZANIA,Stellwagen Outreach,1329282000
211263360,Buxstar,Stellwagen Outreach,1297141200
211283670,MSC CARACAS,Stellwagen Outreach,1280725200
212085000,Prisco Ekaterina,Stellwagen Outreach,1297141200
212412000,Ocean Current,Stellwagen Outreach,1297141200
215083000,Port Estoril,Stellwagen Outreach,1329282000
215724000,HS Livingstone,Stellwagen Outreach,1297141200
219118000,Beaumont,Stellwagen Outreach,1329282000
219887000,Torm Gunhild,Stellwagen Outreach,1297141200
220163000,TORM GERTRUD,Stellwagen Outreach,1280725200
220301000,FREJA ATLANTIC,Stellwagen Outreach,1280725200
220301000,FREJA ATLANTIC,Stellwagen Outreach,1288242000
220517000,Gotland Sofia,Stellwagen Outreach,1329282000
224941000,CATALUNYA SPIRIT,Stellwagen Outreach,1280725200
224941000,CATALUNYA SPIRIT,Stellwagen Outreach,1329282000
232450000,British Serenity,Stellwagen Outreach,1297141200
233088000,MSC DALTON,Stellwagen Outreach,1280725200
233088000,MSC DALTON,Stellwagen Outreach,1297141200
233203000,Maersk Dartford,Stellwagen Outreach,1297141200
235010980,British Ensign,Stellwagen Outreach,1297141200
235053716,Csav Rio Aysen,Stellwagen Outreach,1297141200
235057705,Csav Rio Nevado,Stellwagen Outreach,1297141200
239421000,Serifos,Stellwagen Outreach,1297141200
239540000,MSC AUSTRIA,Stellwagen Outreach,1280725200
239650000,MSC WASHINGTON,Stellwagen Outreach,1280725200
240028000,MSC KYOTO,Stellwagen Outreach,1280725200
240028000,MSC KYOTO,Stellwagen Outreach,1297141200
240028000,MSC KYOTO,Stellwagen Outreach,1329282000
240266000,Msc Mykonos,Stellwagen Outreach,1297141200
240505000,ALIAKMON,Stellwagen Outreach,1280725200
240505000,ALIAKMON,Stellwagen Outreach,1288242000
240505000,ALIAKMON,Stellwagen Outreach,1329282000
240638000,Star Capella,Stellwagen Outreach,1329282000
240639000,Maran Gas Coronis,Stellwagen Outreach,1297141200
240639000,Maran Gas Coronis,Stellwagen Outreach,1329282000
240716000,MINERVA JULIE,Stellwagen Outreach,1280725200
240716000,MINERVA JULIE,Stellwagen Outreach,1288242000
240787000,MINERVA ANTONIA,Stellwagen Outreach,1280725200
240787000,MINERVA ANTONIA,Stellwagen Outreach,1288242000
241055000,Asphalt Eagle,Stellwagen Outreach,1329282000
244253000,REYKJAFOSS,Stellwagen Outreach,1280725200
244253000,REYKJAFOSS,Stellwagen Outreach,1297141200
244958000,Maasdam,Stellwagen Outreach,1329282000
245554000,FAIRPLAYER,Stellwagen Outreach,1280725200
246494000,STAD AMSTERDAM,Stellwagen Outreach,1280725200
246494000,STAD AMSTERDAM,Stellwagen Outreach,1329282000
247102700,Grande Lagos,Stellwagen Outreach,1297141200
247125000,Republica Di Venezia,Stellwagen Outreach,1297141200
247217500,GRANDE COLONIA,Stellwagen Outreach,1280725200
247227900,VALVERDE,Stellwagen Outreach,1280725200
247242400,Mare Di Venezia,Stellwagen Outreach,1297141200
247281100,Grande Marocco,Stellwagen Outreach,1329282000
247293300,Grande Guinea,Stellwagen Outreach,1329282000
247645000,Costa Atlantica,Stellwagen Outreach,1297141200
250000484,ASPHALT SEMINOLE,Stellwagen Outreach,1280725200
250000484,ASPHALT SEMINOLE,Stellwagen Outreach,1297141200
255987000,Princess Danae,Stellwagen Outreach,1329282000
257352000,GDF SUEZ Cape Ann,Stellwagen Outreach,1329282000
257356000,Gdf Suez Neptune,Stellwagen Outreach,1297141200
257356000,Gdf Suez Neptune,Stellwagen Outreach,1329282000
257990000,Iberica Knutsen,Stellwagen Outreach,1297141200
257991000,Matthew,Stellwagen Outreach,1297141200
257991000,Matthew,Stellwagen Outreach,1329282000
258617000,BW SUEZ BOSTON,Stellwagen Outreach,1280725200
258617000,BW SUEZ BOSTON,Stellwagen Outreach,1329282000
258618000,BW SUEZ EVERETT,Stellwagen Outreach,1280725200
258787000,Tancred,Stellwagen Outreach,1297141200
259846000,SPAR EMERALD,Stellwagen Outreach,1280725200
271000516,DILER4,Stellwagen Outreach,1280725200
271002660,Yasa Ceyhan,Stellwagen Outreach,1329282000
273343510,TROGIR,Stellwagen Outreach,1280725200
303471000,RV Endeavor,Stellwagen Outreach,1329282000
303589000,Dodge Island,Stellwagen Outreach,1297141200
303974000,CG GRAND ISLE,Stellwagen Outreach,1280725200
303974000,CG GRAND ISLE,Stellwagen Outreach,1297141200
303979000,NOAA DELAWARE2,Stellwagen Outreach,1280725200
303979000,NOAA DELAWARE2,Stellwagen Outreach,1297141200
303979000,NOAA DELAWARE2,Stellwagen Outreach,1329282000
356791000,TRITON EAGLE,Stellwagen Outreach,1280725200
356972000,SEIJIN,Stellwagen Outreach,1280725200
357101000,Cosco Fukuyama,Stellwagen Outreach,1297141200
357122000,Libra Leader,Stellwagen Outreach,1329282000
357332000,MSC Regina,Stellwagen Outreach,1297141200
357542000,MSC Gina,Stellwagen Outreach,1297141200
366081080,Zeus,Stellwagen Outreach,1297141200
366081080,Zeus,Stellwagen Outreach,1329282000
366238690,Joanne Reinaur 3,Stellwagen Outreach,1297141200
366238690,Joanne Reinaur 3,Stellwagen Outreach,1329282000
366238710,Dace Reinauer,Stellwagen Outreach,1297141200
366238710,Dace Reinauer,Stellwagen Outreach,1329282000
366245490,STEPHEN SCOTT,Stellwagen Outreach,1280725200
366245490,STEPHEN SCOTT,Stellwagen Outreach,1297141200
366245490,STEPHEN SCOTT,Stellwagen Outreach,1329282000
366516390,JOHN REINAUER,Stellwagen Outreach,1280725200
366516390,JOHN REINAUER,Stellwagen Outreach,1297141200
366599000,Maine Responder,Stellwagen Outreach,1297141200
366631000,Patriot Service,Stellwagen Outreach,1297141200
366631000,Patriot Service,Stellwagen Outreach,1329282000
366666180,Bridgeport,Stellwagen Outreach,1297141200
366666180,Bridgeport,Stellwagen Outreach,1329282000
366695940,ZACHERY REINAUER,Stellwagen Outreach,1280725200
366695940,ZACHERY REINAUER,Stellwagen Outreach,1297141200
366701350,Robert,Stellwagen Outreach,1329282000
366725220,Dean Reinauer,Stellwagen Outreach,1297141200
366725230,Franklin Reinauer,Stellwagen Outreach,1329282000
366739920,AUSTIN REINAUER,Stellwagen Outreach,1280725200
366739920,AUSTIN REINAUER,Stellwagen Outreach,1297141200
366739920,AUSTIN REINAUER,Stellwagen Outreach,1329282000
366739960,McKinley Sea,Stellwagen Outreach,1329282000
366741180,Navigator,Stellwagen Outreach,1297141200
366758510,JULIET REINAUER,Stellwagen Outreach,1280725200
366762660,Atchafalya,Stellwagen Outreach,1329282000
366774330,Nicole L Reinauer,Stellwagen Outreach,1297141200
366814440,SEA SERVICE,Stellwagen Outreach,1280725200
366814440,SEA SERVICE,Stellwagen Outreach,1297141200
366814470,GULF SERVICE,Stellwagen Outreach,1280725200
366814480,ATLANTIC SERVICE,Stellwagen Outreach,1280725200
366814520,SPARTAN SERVICE,Stellwagen Outreach,1280725200
366832070,Kristina A,Stellwagen Outreach,1297141200
366832740,CHRISTIAN REINAUER,Stellwagen Outreach,1280725200
366875000,Capt Hagen,Stellwagen Outreach,1297141200
366881640,Mcallistyer Girls,Stellwagen Outreach,1297141200
366883240,ADRIATICSEA,Stellwagen Outreach,1280725200
366891140,MEREDITH REINAUER,Stellwagen Outreach,1280725200
366891140,MEREDITH REINAUER,Stellwagen Outreach,1297141200
366891140,MEREDITH REINAUER,Stellwagen Outreach,1329282000
366896270,Justine Mcallister,Stellwagen Outreach,1297141200
366896270,Justine Mcallister,Stellwagen Outreach,1329282000
366899920,JANE A BOUCHARD,Stellwagen Outreach,1280725200
366899920,JANE A BOUCHARD,Stellwagen Outreach,1288242000
366899920,JANE A BOUCHARD,Stellwagen Outreach,1297141200
366899920,JANE A BOUCHARD,Stellwagen Outreach,1329282000
366902260,CHRISTINE MCALLISTER,Stellwagen Outreach,1280725200
366902260,CHRISTINE MCALLISTER,Stellwagen Outreach,1297141200
366902260,CHRISTINE MCALLISTER,Stellwagen Outreach,1329282000
366903920,PAUL T MORAN,Stellwagen Outreach,1280725200
366910880,VIKING,Stellwagen Outreach,1280725200
366910880,VIKING,Stellwagen Outreach,1329282000
366910920,Irish Sea,Stellwagen Outreach,1297141200
366910920,Irish Sea,Stellwagen Outreach,1329282000
366910930,VOLUNTEER,Stellwagen Outreach,1280725200
366910940,ITB JAVA SEA,Stellwagen Outreach,1280725200
366910940,ITB JAVA SEA,Stellwagen Outreach,1297141200
366910960,Tasman Sea,Stellwagen Outreach,1297141200
366910960,Tasman Sea,Stellwagen Outreach,1329282000
366920220,BALTIC SEA,Stellwagen Outreach,1280725200
366920230,Beaufort Sea,Stellwagen Outreach,1297141200
366920250,Beringsea,Stellwagen Outreach,1297141200
366920270,CORAL SEA,Stellwagen Outreach,1280725200
366920340,LINCOLN SEA,Stellwagen Outreach,1280725200
366920340,LINCOLN SEA,Stellwagen Outreach,1329282000
366920910,Amberjack,Stellwagen Outreach,1297141200
366920920,LUCIA,Stellwagen Outreach,1280725200
366920940,Tarpon,Stellwagen Outreach,1329282000
366920960,Pen#4,Stellwagen Outreach,1297141200
366920960,Pen#4,Stellwagen Outreach,1329282000
366920970,PENN#6,Stellwagen Outreach,1280725200
366920970,PENN#6,Stellwagen Outreach,1297141200
366920970,PENN#6,Stellwagen Outreach,1329282000
366920980,DOLPHIN,Stellwagen Outreach,1280725200
366921510,ROBERT J BOUCHARD,Stellwagen Outreach,1280725200
366921510,ROBERT J BOUCHARD,Stellwagen Outreach,1329282000
366922260,KATIE G MCALLISTER,Stellwagen Outreach,1280725200
366922290,COLLEEN MCALLISTER,Stellwagen Outreach,1280725200
366923000,HURON SERVICE,Stellwagen Outreach,1280725200
366923000,HURON SERVICE,Stellwagen Outreach,1297141200
366923000,HURON SERVICE,Stellwagen Outreach,1329282000
366926920,LUCY REINAUER,Stellwagen Outreach,1280725200
366926920,LUCY REINAUER,Stellwagen Outreach,1297141200
366926920,LUCY REINAUER,Stellwagen Outreach,1329282000
366934810,Jaguar,Stellwagen Outreach,1297141200
366934810,Jaguar,Stellwagen Outreach,1329282000
366938840,RV Tioga,Stellwagen Outreach,1297141200
366938840,RV Tioga,Stellwagen Outreach,1329282000
366939170,Elizabeth,Stellwagen Outreach,1297141200
366939760,NANCY MORAN,Stellwagen Outreach,1280725200
366939790,DORIS_MORAN,Stellwagen Outreach,1280725200
366939790,DORIS_MORAN,Stellwagen Outreach,1297141200
366939790,DORIS_MORAN,Stellwagen Outreach,1329282000
366941510,MORTONBOUCHARD IV,Stellwagen Outreach,1280725200
366941510,MORTONBOUCHARD IV,Stellwagen Outreach,1297141200
366941510,MORTONBOUCHARD IV,Stellwagen Outreach,1329282000
366945680,Elizabeth Mcallister,Stellwagen Outreach,1297141200
366945680,Elizabeth Mcallister,Stellwagen Outreach,1329282000
366946760,Brendan Turecamo,Stellwagen Outreach,1297141200
366946850,TURECAMO BOYS,Stellwagen Outreach,1280725200
366947340,Captain D,Stellwagen Outreach,1329282000
366952000,CGC JUNIPER,Stellwagen Outreach,1280725200
366952000,CGC JUNIPER,Stellwagen Outreach,1297141200
366953930,MATTHEW TIBBETTS,Stellwagen Outreach,1280725200
366966210,McAllister Sisters,Stellwagen Outreach,1329282000
366966960,CAL DIVER II,Stellwagen Outreach,1280725200
366974680,LIBERTY SERVICE,Stellwagen Outreach,1280725200
366974680,LIBERTY SERVICE,Stellwagen Outreach,1297141200
366974680,LIBERTY SERVICE,Stellwagen Outreach,1329282000
366974740,Freedom Service,Stellwagen Outreach,1297141200
366974740,Freedom Service,Stellwagen Outreach,1329282000
366977890,MARION C BOUCHARD,Stellwagen Outreach,1280725200
366981240,EDDIE R,Stellwagen Outreach,1280725200
366981390,Lucinda Smith,Stellwagen Outreach,1297141200
366981710,BOUCHARD GIRLS,Stellwagen Outreach,1280725200
366988420,C Angelo,Stellwagen Outreach,1329282000
366990350,Endeavor,Stellwagen Outreach,1329282000
366990790,PATRICIA WINSLOW,Stellwagen Outreach,1280725200
366997360,Norwegian Sea,Stellwagen Outreach,1329282000
366999630,USCG 87359,Stellwagen Outreach,1280725200
366999707,USCG Ridley,Stellwagen Outreach,1329282000
366999976,USCG Bollard,Stellwagen Outreach,1297141200
366999982,CG Penobscotbay,Stellwagen Outreach,1297141200
366999983,CG Thunder Bay,Stellwagen Outreach,1297141200
366999983,CG Thunder Bay,Stellwagen Outreach,1329282000
366999985,CG MORRO BAY,Stellwagen Outreach,1280725200
366999985,CG MORRO BAY,Stellwagen Outreach,1297141200
366999985,CG MORRO BAY,Stellwagen Outreach,1329282000
367004750,Ybor City,Stellwagen Outreach,1297141200
367006520,BARBARA E BOUCHARD,Stellwagen Outreach,1280725200
367006520,BARBARA E BOUCHARD,Stellwagen Outreach,1329282000
367006540,Rhea I Bouchard,Stellwagen Outreach,1329282000
367006550,MORTON BOUCHARD JR,Stellwagen Outreach,1280725200
367006550,MORTON BOUCHARD JR,Stellwagen Outreach,1297141200
367006550,MORTON BOUCHARD JR,Stellwagen Outreach,1329282000
367006560,Ralph Bouchard,Stellwagen Outreach,1297141200
367006560,Ralph Bouchard,Stellwagen Outreach,1329282000
367006570,ELLEN BOUCHARD,Stellwagen Outreach,1280725200
367006570,ELLEN BOUCHARD,Stellwagen Outreach,1297141200
367006570,ELLEN BOUCHARD,Stellwagen Outreach,1329282000
367006610,FREDERICK BOUCHARD,Stellwagen Outreach,1280725200
367006610,FREDERICK BOUCHARD,Stellwagen Outreach,1297141200
367006610,FREDERICK BOUCHARD,Stellwagen Outreach,1329282000
367006620,Evening Tide,Stellwagen Outreach,1329282000
367008210,Miss Jean,Stellwagen Outreach,1297141200
367008410,VICTORIA HUNT,Stellwagen Outreach,1280725200
367008460,KING PHILIP,Stellwagen Outreach,1280725200
367008460,KING PHILIP,Stellwagen Outreach,1297141200
367008480,VERNON C,Stellwagen Outreach,1280725200
367009530,NIZ C GISCLAIR,Stellwagen Outreach,1280725200
367010390,Donald C,Stellwagen Outreach,1297141200
367010390,Donald C,Stellwagen Outreach,1329282000
367013520,Nancy McAllister,Stellwagen Outreach,1329282000
367016920,Margot,Stellwagen Outreach,1329282000
367022790,QUENAMES,Stellwagen Outreach,1280725200
367022790,QUENAMES,Stellwagen Outreach,1297141200
367022790,QUENAMES,Stellwagen Outreach,1329282000
367032140,Fournier Boys,Stellwagen Outreach,1297141200
367033650,Narragansett,Stellwagen Outreach,1297141200
367043190,Stamford,Stellwagen Outreach,1297141200
367051030,THOMAS DANN,Stellwagen Outreach,1280725200
367061610,BARNEY TURECAMO,Stellwagen Outreach,1280725200
367061610,BARNEY TURECAMO,Stellwagen Outreach,1297141200
367061610,BARNEY TURECAMO,Stellwagen Outreach,1329282000
367061980,KIMBERLY TURECAMO,Stellwagen Outreach,1280725200
367064410,BARBARA MCALLISTER,Stellwagen Outreach,1280725200
367064410,BARBARA MCALLISTER,Stellwagen Outreach,1297141200
367064410,BARBARA MCALLISTER,Stellwagen Outreach,1329282000
367065440,American Princess 2,Stellwagen Outreach,1297141200
367069150,Patriot-Service,Stellwagen Outreach,1297141200
367078250,JASON REINAUER,Stellwagen Outreach,1280725200
367091630,Resolute,Stellwagen Outreach,1297141200
367109340,BISMARCK SEA,Stellwagen Outreach,1280725200
367110280,JAY MICHAEL,Stellwagen Outreach,1280725200
367110280,JAY MICHAEL,Stellwagen Outreach,1297141200
367110280,JAY MICHAEL,Stellwagen Outreach,1329282000
367110320,Running Star,Stellwagen Outreach,1297141200
367116570,SORENSEN MILLER,Stellwagen Outreach,1280725200
367121540,YEMITZIS,Stellwagen Outreach,1280725200
367123040,CHESAPEAKE,Stellwagen Outreach,1280725200
367137180,ALLIE-B,Stellwagen Outreach,1280725200
367137410,Orion,Stellwagen Outreach,1297141200
367141250,JENNIFER TURECAMO,Stellwagen Outreach,1280725200
367141250,JENNIFER TURECAMO,Stellwagen Outreach,1297141200
367149890,IONA MCALISTER,Stellwagen Outreach,1280725200
367149890,IONA MCALISTER,Stellwagen Outreach,1329282000
367151430,Leslie Foss,Stellwagen Outreach,1329282000
367159020,CRAIG E REINAUER,Stellwagen Outreach,1280725200
367159020,CRAIG E REINAUER,Stellwagen Outreach,1297141200
367159020,CRAIG E REINAUER,Stellwagen Outreach,1329282000
367164250,FREEDOM,Stellwagen Outreach,1280725200
367164250,FREEDOM,Stellwagen Outreach,1297141200
367165430,BRUCE A MCALLISTER,Stellwagen Outreach,1280725200
367165430,BRUCE A MCALLISTER,Stellwagen Outreach,1297141200
367165430,BRUCE A MCALLISTER,Stellwagen Outreach,1329282000
367165450,Treasure Coast,Stellwagen Outreach,1329282000
367165980,Christiana,Stellwagen Outreach,1297141200
367175780,Scott C,Stellwagen Outreach,1297141200
367175780,Scott C,Stellwagen Outreach,1329282000
367178540,Matthew J Hughes,Stellwagen Outreach,1329282000
367179990,MARJORIE MCALLISTER,Stellwagen Outreach,1280725200
367179990,MARJORIE MCALLISTER,Stellwagen Outreach,1297141200
367179990,MARJORIE MCALLISTER,Stellwagen Outreach,1329282000
367185680,East Coast,Stellwagen Outreach,1297141200
367186380,Reliance,Stellwagen Outreach,1297141200
367186380,Reliance,Stellwagen Outreach,1329282000
367191190,Pathfinder,Stellwagen Outreach,1329282000
367193000,THE MONSEIGNEUR,Stellwagen Outreach,1280725200
367211000,STOCKHAM,Stellwagen Outreach,1280725200
367212000,USNS ZEUS,Stellwagen Outreach,1280725200
367258000,US Coast Guard 905,Stellwagen Outreach,1297141200
367258000,US Coast Guard 905,Stellwagen Outreach,1329282000
367262000,US Coast Guard 907,Stellwagen Outreach,1297141200
367262000,US Coast Guard 907,Stellwagen Outreach,1329282000
367263000,Coast Guard 627,Stellwagen Outreach,1329282000
367285000,COAST GUARD 906,Stellwagen Outreach,1280725200
367285000,COAST GUARD 906,Stellwagen Outreach,1297141200
367285000,COAST GUARD 906,Stellwagen Outreach,1329282000
367288000,COAST GUARD 908,Stellwagen Outreach,1280725200
367288000,COAST GUARD 908,Stellwagen Outreach,1297141200
367288000,COAST GUARD 908,Stellwagen Outreach,1329282000
367289000,CG Campbell,Stellwagen Outreach,1329282000
367297000,Coast Guard 615,Stellwagen Outreach,1329282000
367305350,Natick,Stellwagen Outreach,1297141200
367305350,Natick,Stellwagen Outreach,1329282000
367307850,Atlantic Coast,Stellwagen Outreach,1297141200
367307850,Atlantic Coast,Stellwagen Outreach,1329282000
367311350,Green Bay,Stellwagen Outreach,1329282000
367314640,Rowan M Mcallister,Stellwagen Outreach,1297141200
367314640,Rowan M Mcallister,Stellwagen Outreach,1329282000
367315570,POTOMAC,Stellwagen Outreach,1280725200
367315570,POTOMAC,Stellwagen Outreach,1329282000
367335630,Captain Bill,Stellwagen Outreach,1297141200
367335630,Captain Bill,Stellwagen Outreach,1329282000
367349860,LINDA MORAN,Stellwagen Outreach,1280725200
367349860,LINDA MORAN,Stellwagen Outreach,1297141200
367349860,LINDA MORAN,Stellwagen Outreach,1329282000
367356580,OCEAN TOWER,Stellwagen Outreach,1280725200
367356820,Volans,Stellwagen Outreach,1297141200
367356820,Volans,Stellwagen Outreach,1329282000
367359940,Connecticut,Stellwagen Outreach,1329282000
367360960,Solomon Sea,Stellwagen Outreach,1297141200
367360980,MC KINLEY SEA,Stellwagen Outreach,1280725200
367360990,North Sea,Stellwagen Outreach,1297141200
367360990,North Sea,Stellwagen Outreach,1329282000
367361020,Greenland Sea,Stellwagen Outreach,1297141200
367361020,Greenland Sea,Stellwagen Outreach,1329282000
367362680,Lynx,Stellwagen Outreach,1297141200
367362680,Lynx,Stellwagen Outreach,1329282000
367370780,COHO,Stellwagen Outreach,1280725200
367370780,COHO,Stellwagen Outreach,1297141200
367370780,COHO,Stellwagen Outreach,1329282000
367371810,MAGOTHY,Stellwagen Outreach,1280725200
367376440,PETER F GELLATLY,Stellwagen Outreach,1280725200
367381230,Orion,Stellwagen Outreach,1329282000
367390130,Ruth M. Reinauer,Stellwagen Outreach,1297141200
367390130,Ruth M. Reinauer,Stellwagen Outreach,1329282000
367399980,Barbar C,Stellwagen Outreach,1297141200
367399980,Barbar C,Stellwagen Outreach,1329282000
367409290,Timothy L Reinaur,Stellwagen Outreach,1297141200
367409290,Timothy L Reinaur,Stellwagen Outreach,1329282000
367416750,Blue Fin,Stellwagen Outreach,1329282000
367428330,Laurie Ann Reinauer,Stellwagen Outreach,1297141200
367428330,Laurie Ann Reinauer,Stellwagen Outreach,1329282000
367432220,Scarlet Isabella,Stellwagen Outreach,1297141200
367432220,Scarlet Isabella,Stellwagen Outreach,1329282000
367435670,Loretta B Moran,Stellwagen Outreach,1297141200
367447520,Salacia,Stellwagen Outreach,1329282000
367464090,Towline,Stellwagen Outreach,1329282000
367472580,Lizzy B Moran,Stellwagen Outreach,1329282000
367476960,Ocean King,Stellwagen Outreach,1329282000
367478770,Hercules,Stellwagen Outreach,1329282000
367726000,MICHIGAN SERVICE,Stellwagen Outreach,1280725200
367738000,ENERGY ENTERPRISE,Stellwagen Outreach,1280725200
367738000,ENERGY ENTERPRISE,Stellwagen Outreach,1297141200
367738000,ENERGY ENTERPRISE,Stellwagen Outreach,1329282000
367807000,CG Ida Lewis,Stellwagen Outreach,1297141200
367807000,CG Ida Lewis,Stellwagen Outreach,1329282000
367912000,CGC Tybee,Stellwagen Outreach,1297141200
367912000,CGC Tybee,Stellwagen Outreach,1329282000
367938000,CGC Grand Isle,Stellwagen Outreach,1329282000
367940000,CGC Sanibel,Stellwagen Outreach,1329282000
367942000,CG JEFFERSON ISLAND,Stellwagen Outreach,1280725200
367942000,CG JEFFERSON ISLAND,Stellwagen Outreach,1329282000
367977000,Oceanus,Stellwagen Outreach,1297141200
368009000,SCOTT TURECAMO,Stellwagen Outreach,1280725200
368009000,SCOTT TURECAMO,Stellwagen Outreach,1297141200
368009000,SCOTT TURECAMO,Stellwagen Outreach,1329282000
368148000,Julie,Stellwagen Outreach,1297141200
368294000,Green Point,Stellwagen Outreach,1297141200
368299000,Eagle Service,Stellwagen Outreach,1297141200
368299000,Eagle Service,Stellwagen Outreach,1329282000
368504000,CAPTAIN DANN,Stellwagen Outreach,1280725200
368504000,CAPTAIN DANN,Stellwagen Outreach,1297141200
368504000,CAPTAIN DANN,Stellwagen Outreach,1329282000
368669000,JOAN MORAN,Stellwagen Outreach,1280725200
368669000,JOAN MORAN,Stellwagen Outreach,1297141200
368782000,CG WILLOW,Stellwagen Outreach,1280725200
368782000,CG WILLOW,Stellwagen Outreach,1297141200
368782000,CG WILLOW,Stellwagen Outreach,1329282000
368905000,CG MARCUS HANNA,Stellwagen Outreach,1280725200
369527000,Green Lake,Stellwagen Outreach,1297141200
369562000,SARAH DANN,Stellwagen Outreach,1280725200
369629000,EMMA FOSS,Stellwagen Outreach,1280725200
369629000,EMMA FOSS,Stellwagen Outreach,1297141200
369991000,NOAA HENRY BIGELOW,Stellwagen Outreach,1280725200
369991000,NOAA HENRY BIGELOW,Stellwagen Outreach,1297141200
369991000,NOAA HENRY BIGELOW,Stellwagen Outreach,1329282000
370182000,MV NORD AMBITION,Stellwagen Outreach,1280725200
370320000,COSCO NAGOYA,Stellwagen Outreach,1280725200
370320000,COSCO NAGOYA,Stellwagen Outreach,1329282000
370508000,APOLLON LEADER,Stellwagen Outreach,1280725200
370515000,Royal Flos,Stellwagen Outreach,1297141200
370548000,Lichtenstein,Stellwagen Outreach,1329282000
370556000,COSCO OSAKA,Stellwagen Outreach,1280725200
370556000,COSCO OSAKA,Stellwagen Outreach,1329282000
370833000,GDFS Point Fortin,Stellwagen Outreach,1297141200
371056000,Lyra Leader,Stellwagen Outreach,1329282000
371377000,M/V OCEAN OLYMPIC,Stellwagen Outreach,1280725200
371862000,Triton Ace,Stellwagen Outreach,1329282000
371952000,Twinkle Express,Stellwagen Outreach,1297141200
372223000,KARINE BULKER,Stellwagen Outreach,1280725200
372483000,Nord Leader,Stellwagen Outreach,1329282000
372491000,MSC DONATA,Stellwagen Outreach,1280725200
372934000,Cosco Boston,Stellwagen Outreach,1297141200
372934000,Cosco Boston,Stellwagen Outreach,1329282000
376126000,Anna_M,Stellwagen Outreach,1297141200
397046090,Peggywinslow,Stellwagen Outreach,1297141200
397046090,Peggywinslow,Stellwagen Outreach,1329282000
412002000,Zhen He,Stellwagen Outreach,1329282000
412100000,FEI HE,Stellwagen Outreach,1280725200
412101000,TENG HE,Stellwagen Outreach,1280725200
413761000,Tianlonghe,Stellwagen Outreach,1297141200
413763000,Tian Yun He,Stellwagen Outreach,1329282000
413785000,Tonghai,Stellwagen Outreach,1329282000
432664000,Rhea Leader,Stellwagen Outreach,1329282000
432734000,Pleiades Leader,Stellwagen Outreach,1329282000
440057000,M/V AUTO ATLAS,Stellwagen Outreach,1280725200
440061000,AUTO BANNER,Stellwagen Outreach,1280725200
440247000,Ocean Lord,Stellwagen Outreach,1297141200
477071400,Atlantic Aquarius,Stellwagen Outreach,1297141200
477110500,ATLANTIC ROSE,Stellwagen Outreach,1280725200
477110500,ATLANTIC ROSE,Stellwagen Outreach,1288242000
477110700,ATLANTIC LILY,Stellwagen Outreach,1280725200
477110700,ATLANTIC LILY,Stellwagen Outreach,1288242000
477170300,Torm Esjerg,Stellwagen Outreach,1297141200
477185100,Elliot Bay,Stellwagen Outreach,1329282000
477201500,Atlantic Polaris,Stellwagen Outreach,1329282000
477241100,Orion,Stellwagen Outreach,1297141200
477520400,GREAT MORNING,Stellwagen Outreach,1280725200
477534800,Pacific Jewel,Stellwagen Outreach,1329282000
477542400,Atlantic Pisces,Stellwagen Outreach,1329282000
477547300,Agean Wave,Stellwagen Outreach,1329282000
477581700,Victor,Stellwagen Outreach,1329282000
477674000,Great Majesty,Stellwagen Outreach,1297141200
477687000,Rainbow Quest,Stellwagen Outreach,1329282000
477800800,GREAT SUMMIT,Stellwagen Outreach,1280725200
477844000,Unique Sunshine,Stellwagen Outreach,1329282000
477969200,Atlantic Diana,Stellwagen Outreach,1329282000
533049800,Bunga Allium,Stellwagen Outreach,1297141200
538002072,Kolka,Stellwagen Outreach,1329282000
538002219,Noreaster,Stellwagen Outreach,1297141200
538002219,Noreaster,Stellwagen Outreach,1329282000
538002220,NEW ENGLAND,Stellwagen Outreach,1280725200
538002220,NEW ENGLAND,Stellwagen Outreach,1297141200
538002220,NEW ENGLAND,Stellwagen Outreach,1329282000
538002221,GREAT EASTERN,Stellwagen Outreach,1280725200
538002221,GREAT EASTERN,Stellwagen Outreach,1297141200
538002221,GREAT EASTERN,Stellwagen Outreach,1329282000
538002289,Overseas Rimar,Stellwagen Outreach,1329282000
538002406,BALLANGEN,Stellwagen Outreach,1280725200
538002407,BAUTA,Stellwagen Outreach,1280725200
538002408,Balder,Stellwagen Outreach,1297141200
538002409,Barkald,Stellwagen Outreach,1297141200
538002554,OMEGA PRINCE,Stellwagen Outreach,1280725200
538002554,OMEGA PRINCE,Stellwagen Outreach,1288242000
538002560,KCL Barracuda,Stellwagen Outreach,1297141200
538002773,Piltene,Stellwagen Outreach,1329282000
538002954,MSC Debra,Stellwagen Outreach,1297141200
538002954,MSC Debra,Stellwagen Outreach,1329282000
538002978,MSC Lugano,Stellwagen Outreach,1297141200
538003289,Vereina,Stellwagen Outreach,1297141200
538003290,Noble Express,Stellwagen Outreach,1329282000
538003773,Overseas Mykonos,Stellwagen Outreach,1329282000
538004017,Overseas Kythnos,Stellwagen Outreach,1329282000
538004191,Northern Star,Stellwagen Outreach,1329282000
538090366,King Emerald,Stellwagen Outreach,1297141200
548391000,Palma,Stellwagen Outreach,1297141200
548665000,Eskden,Stellwagen Outreach,1329282000
548817000,Sebring Express,Stellwagen Outreach,1329282000
548824000,Suzuka Express,Stellwagen Outreach,1329282000
563293000,Blue Jade,Stellwagen Outreach,1297141200
563358000,Canopus Leader,Stellwagen Outreach,1297141200
563716000,Maersk Misumi,Stellwagen Outreach,1297141200
563847000,Ceylon,Stellwagen Outreach,1297141200
564976000,TORM ANNE,Stellwagen Outreach,1280725200
565153000,ADVANCE II,Stellwagen Outreach,1280725200
565153000,ADVANCE II,Stellwagen Outreach,1288242000
565234000,Hoegh Kobe,Stellwagen Outreach,1329282000
565267000,Challenge Plus,Stellwagen Outreach,1329282000
565632000,MOOR,Stellwagen Outreach,1280725200
565632000,MOOR,Stellwagen Outreach,1288242000
565865000,Siteam Discoverer,Stellwagen Outreach,1329282000
576028000,KESTREL,Stellwagen Outreach,1280725200
576045000,AMBASSADOR,Stellwagen Outreach,1280725200
576532000,Bahama Spirit,Stellwagen Outreach,1297141200
636010387,Taman,Stellwagen Outreach,1297141200
636011058,SANKO STREAM,Stellwagen Outreach,1280725200
636011604,TARANTELLA,Stellwagen Outreach,1280725200
636011644,Tuchkov Bridge,Stellwagen Outreach,1329282000
636011888,Panagia Lady,Stellwagen Outreach,1297141200
636012379,HASSI MESSAOUD 2,Stellwagen Outreach,1280725200
636012577,Neveska Lady,Stellwagen Outreach,1297141200
636012578,Politisa Lady,Stellwagen Outreach,1297141200
636013115,AKERAIOS,Stellwagen Outreach,1280725200
636013115,AKERAIOS,Stellwagen Outreach,1288242000
636013116,ANEMOS I,Stellwagen Outreach,1280725200
636013116,ANEMOS I,Stellwagen Outreach,1288242000
636013123,SCF Polar,Stellwagen Outreach,1297141200
636013164,FREJA DANIA,Stellwagen Outreach,1280725200
636013164,FREJA DANIA,Stellwagen Outreach,1288242000
636014285,Horizon Theano,Stellwagen Outreach,1297141200
636014418,Ertea,Stellwagen Outreach,1297141200
636014505,Amphitrite,Stellwagen Outreach,1297141200
636014505,Amphitrite,Stellwagen Outreach,1329282000
636014525,Marianna,Stellwagen Outreach,1329282000
636015027,Mount Olympus,Stellwagen Outreach,1329282000
636090389,MSC BOSTON,Stellwagen Outreach,1280725200
636090576,Sophie Oldendorff,Stellwagen Outreach,1297141200
636090655,MSC Prague,Stellwagen Outreach,1297141200
636090655,MSC Prague,Stellwagen Outreach,1329282000
636090932,HARMEN OLDENDORFF,Stellwagen Outreach,1280725200
636091044,Jennifer Rickmers,Stellwagen Outreach,1297141200
636091319,HS Berlioz,Stellwagen Outreach,1297141200
636091349,HS BIZET,Stellwagen Outreach,1280725200
636091394,MSC FLORIDA,Stellwagen Outreach,1280725200
636091531,CONTI AGULHAS,Stellwagen Outreach,1280725200
636091531,CONTI AGULHAS,Stellwagen Outreach,1288242000
636091945,ER Barcelona,Stellwagen Outreach,1329282000
636091996,MSC England,Stellwagen Outreach,1329282000
642122014,Cartagena,Stellwagen Outreach,1297141200
866946820,CATHERINE TURECAMO,Stellwagen Outreach,1280725200
866946820,CATHERINE TURECAMO,Stellwagen Outreach,1297141200
